[
  { "userName" : "admin",
    "password" : "admin",
    "userId" : 0  ,
    "followed" : [1, 2, 4, 5] ,
    "country" : "Some Country" ,
    "description" : "This is a brief description of me / my institution" ,
    "area" : "Other" ,
    "name" : "Charity Institution Name 1",
    "recievedFunds" : 20564 ,
    "donatedFunds" : 14025 ,
    "email" : "someemail@example.com" ,
    "recieveNotifications" : "Yes" ,
    "billingAdress" : "Some Adress 1" },
  { "userName" : "user", 
    "password" : "user",
    "userId" : 1 ,
    "followed" : [1, 2, 4],
    "country" : "Some Country" ,
    "description" : "This is a brief description of me / my institution" ,
    "area" : "Other" ,
    "name" : "Charity Institution Name 2",
    "recievedFunds" : 23476 ,
    "donatedFunds" : 12354 ,
    "email" : "someemail2@example.com" ,
    "recieveNotifications" : "No" ,
    "billingAdress" : "Some Adress 2" },
  { "userName" : "test", 
    "password" : "test",
    "userId" : 2 ,
    "followed" : [1, 2, 3, 4, 5],
    "country" : "Some Country" ,
    "description" : "This is a brief description of me / my institution" ,
    "area" : "Other" ,
    "name" : "Charity Institution Name 3",
    "recievedFunds" : 34756 ,
    "donatedFunds" : 12343 ,
    "email" : "someemail3@example.com" ,
    "recieveNotifications" : "Yes" ,
    "billingAdress" : "Some Adress 3" }
]
